{
  "$schema": "http://schema.management.azure.com/schemas/2015-01-01-preview/deploymentTemplate.json",
  "contentVersion": "1.0.0.0",
  "parameters": {
    "vmssName": {
      "type": "string"
    },
    "instanceCount": {
      "type": "string",
      "metadata": {
        "description": "Number of VM instances"
      }
    },
    "newStorageAccountName": {
      "type": "string"
    },
    "uniqueDNSName": {
      "type": "string"
    },
    "location": {
      "type": "string",
      "allowedValues": [
        "West US",
        "East US",
        "West Europe",
        "East Asia",
        "Southeast Asia"
      ],
      "metadata": {
        "description": "Location of resources"
      }
    },
    "adminUsername": {
      "type": "string"
    },
    "adminPassword": {
      "type": "securestring"
    }
  },
  "variables": {
    "location": "[resourceGroup().location]",
    "imagePublisher": "Canonical",
    "imageOffer": "UbuntuServer",
    "imageVersion": "14.04.2-LTS",
    "addressPrefix": "10.0.0.0/16",
    "subnetName": "Subnet",
    "subnetPrefix": "10.0.0.0/24",
    "loadBalancerName": "loadBalancer1",
    "lbID": "[resourceId('Microsoft.Network/loadBalancers',variables('loadBalancerName'))]",
    "frontEndIPConfigID": "[concat(variables('lbID'),'/frontendIPConfigurations/loadBalancerFrontEnd')]",
    "virtualNetworkName": "vmssvnet",
    "publicIPAddressName": "publicIp1",
    "publicIPAddressID": "[resourceId('Microsoft.Network/publicIPAddresses',variables('publicIPAddressName'))]",
    "storageAccountType": "Standard_LRS",
    "diagnosticsStorageAccountName": "[parameters('newStorageAccountName')]",
    "diagnosticsStorageAccountResourceGroup": "[resourceGroup().name]",
    "accountid": "[concat('/subscriptions/',subscription().subscriptionId,'/resourceGroups/',variables('diagnosticsStorageAccountResourceGroup'),'/providers/','Microsoft.Storage/storageAccounts/', variables('diagnosticsStorageAccountName'))]",
    "wadlogs": "<WadCfg><DiagnosticMonitorConfiguration>",
    "wadperfcounters1": "<PerformanceCounters scheduledTransferPeriod=\"PT1M\"><PerformanceCounterConfiguration counterSpecifier=\"\\Memory\\AvailableMemory\" sampleRate=\"PT15S\" unit=\"Bytes\"><annotation displayName=\"Memory available\" locale=\"en-us\"/></PerformanceCounterConfiguration><PerformanceCounterConfiguration counterSpecifier=\"\\Memory\\PercentAvailableMemory\" sampleRate=\"PT15S\" unit=\"Percent\"><annotation displayName=\"Mem. percent available\" locale=\"en-us\"/></PerformanceCounterConfiguration><PerformanceCounterConfiguration counterSpecifier=\"\\Memory\\UsedMemory\" sampleRate=\"PT15S\" unit=\"Bytes\"><annotation displayName=\"Memory used\" locale=\"en-us\"/></PerformanceCounterConfiguration><PerformanceCounterConfiguration counterSpecifier=\"\\Memory\\PercentUsedMemory\" sampleRate=\"PT15S\" unit=\"Percent\"><annotation displayName=\"Memory percentage\" locale=\"en-us\"/></PerformanceCounterConfiguration><PerformanceCounterConfiguration counterSpecifier=\"\\Memory\\PercentUsedByCache\" sampleRate=\"PT15S\" unit=\"Percent\"><annotation displayName=\"Mem. used by cache\" locale=\"en-us\"/></PerformanceCounterConfiguration><PerformanceCounterConfiguration counterSpecifier=\"\\Processor\\PercentIdleTime\" sampleRate=\"PT15S\" unit=\"Percent\"><annotation displayName=\"CPU idle time\" locale=\"en-us\"/></PerformanceCounterConfiguration><PerformanceCounterConfiguration counterSpecifier=\"\\Processor\\PercentUserTime\" sampleRate=\"PT15S\" unit=\"Percent\"><annotation displayName=\"CPU user time\" locale=\"en-us\"/></PerformanceCounterConfiguration><PerformanceCounterConfiguration counterSpecifier=\"\\Processor\\PercentProcessorTime\" sampleRate=\"PT15S\" unit=\"Percent\"><annotation displayName=\"CPU percentage guest OS\" locale=\"en-us\"/></PerformanceCounterConfiguration><PerformanceCounterConfiguration counterSpecifier=\"\\Processor\\PercentIOWaitTime\" sampleRate=\"PT15S\" unit=\"Percent\"><annotation displayName=\"CPU IO wait time\" locale=\"en-us\"/></PerformanceCounterConfiguration>",
    "wadperfcounters2": "<PerformanceCounterConfiguration counterSpecifier=\"\\PhysicalDisk\\BytesPerSecond\" sampleRate=\"PT15S\" unit=\"BytesPerSecond\"><annotation displayName=\"Disk total bytes\" locale=\"en-us\"/></PerformanceCounterConfiguration><PerformanceCounterConfiguration counterSpecifier=\"\\PhysicalDisk\\ReadBytesPerSecond\" sampleRate=\"PT15S\" unit=\"BytesPerSecond\"><annotation displayName=\"Disk read guest OS\" locale=\"en-us\"/></PerformanceCounterConfiguration><PerformanceCounterConfiguration counterSpecifier=\"\\PhysicalDisk\\WriteBytesPerSecond\" sampleRate=\"PT15S\" unit=\"BytesPerSecond\"><annotation displayName=\"Disk write guest OS\" locale=\"en-us\"/></PerformanceCounterConfiguration><PerformanceCounterConfiguration counterSpecifier=\"\\PhysicalDisk\\TransfersPerSecond\" sampleRate=\"PT15S\" unit=\"CountPerSecond\"><annotation displayName=\"Disk transfers\" locale=\"en-us\"/></PerformanceCounterConfiguration><PerformanceCounterConfiguration counterSpecifier=\"\\PhysicalDisk\\ReadsPerSecond\" sampleRate=\"PT15S\" unit=\"CountPerSecond\"><annotation displayName=\"Disk reads\" locale=\"en-us\"/></PerformanceCounterConfiguration><PerformanceCounterConfiguration counterSpecifier=\"\\PhysicalDisk\\WritesPerSecond\" sampleRate=\"PT15S\" unit=\"CountPerSecond\"><annotation displayName=\"Disk writes\" locale=\"en-us\"/></PerformanceCounterConfiguration><PerformanceCounterConfiguration counterSpecifier=\"\\PhysicalDisk\\AverageReadTime\" sampleRate=\"PT15S\" unit=\"Seconds\"><annotation displayName=\"Disk read time\" locale=\"en-us\"/></PerformanceCounterConfiguration><PerformanceCounterConfiguration counterSpecifier=\"\\PhysicalDisk\\AverageWriteTime\" sampleRate=\"PT15S\" unit=\"Seconds\"><annotation displayName=\"Disk write time\" locale=\"en-us\"/></PerformanceCounterConfiguration><PerformanceCounterConfiguration counterSpecifier=\"\\PhysicalDisk\\AverageTransferTime\" sampleRate=\"PT15S\" unit=\"Seconds\"><annotation displayName=\"Disk transfer time\" locale=\"en-us\"/></PerformanceCounterConfiguration><PerformanceCounterConfiguration counterSpecifier=\"\\PhysicalDisk\\AverageDiskQueueLength\" sampleRate=\"PT15S\" unit=\"Count\"><annotation displayName=\"Disk queue length\" locale=\"en-us\"/></PerformanceCounterConfiguration></PerformanceCounters>",
    "wadcfgxstart": "[concat(variables('wadlogs'),variables('wadperfcounters1'),variables('wadperfcounters2'),'<Metrics resourceId=\"')]",
    "wadmetricsresourceid": "[concat('/subscriptions/',subscription().subscriptionId,'/resourceGroups/',resourceGroup().name ,'/providers/','Microsoft.Compute/virtualMachineScaleSets/',parameters('vmssName'))]",
    "wadcfgxend": "[concat('\"><MetricAggregation scheduledTransferPeriod=\"PT1H\"/><MetricAggregation scheduledTransferPeriod=\"PT1M\"/></Metrics></DiagnosticMonitorConfiguration></WadCfg>')]",
    "computeApiVersion": "2016-03-30",
    "networkApiVersion": "2015-06-15",
    "storageApiVersion": "2015-06-15",
    "insightsApiVersion": "2015-04-01"
  },
  "resources": [
    {
      "type": "Microsoft.Storage/storageAccounts",
      "name": "[parameters('newStorageAccountName')]",
      "apiVersion": "[variables('storageApiVersion')]",
      "location": "[parameters('location')]",
      "properties": {
        "accountType": "[variables('storageAccountType')]"
      }
    },
    {
      "apiVersion": "[variables('networkApiVersion')]",
      "type": "Microsoft.Network/virtualNetworks",
      "name": "[variables('virtualNetworkName')]",
      "location": "[parameters('location')]",
      "properties": {
        "addressSpace": {
          "addressPrefixes": [
            "[variables('addressPrefix')]"
          ]
        },
        "subnets": [
          {
            "name": "[variables('subnetName')]",
            "properties": {
              "addressPrefix": "[variables('subnetPrefix')]"
            }
          }
        ]
      }
    },
    {
      "apiVersion": "[variables('networkApiVersion')]",
      "type": "Microsoft.Network/publicIPAddresses",
      "name": "[variables('publicIPAddressName')]",
      "location": "[variables('location')]",
      "properties": {
        "publicIPAllocationMethod": "Dynamic",
        "dnsSettings": {
          "domainNameLabel": "[parameters('uniqueDNSName')]"
        }
      }
    },
    {
      "apiVersion": "[variables('networkApiVersion')]",
      "name": "[variables('loadBalancerName')]",
      "type": "Microsoft.Network/loadBalancers",
      "location": "[variables('location')]",
      "dependsOn": [
        "[concat('Microsoft.Network/publicIPAddresses/', variables('publicIPAddressName'))]"
      ],
      "properties": {
        "frontendIPConfigurations": [
          {
            "name": "loadBalancerFrontEnd",
            "properties": {
              "publicIPAddress": {
                "id": "[variables('publicIPAddressID')]"
              }
            }
          }
        ],
        "backendAddressPools": [
          {
            "name": "bepool1"
          }
        ],
        "inboundNatPools": [
          {
            "name": "natpool1",
            "properties": {
              "frontendIPConfiguration": {
                "id": "[variables('frontEndIPConfigID')]"
              },
              "protocol": "tcp",
              "frontendPortRangeStart": 50000,
              "frontendPortRangeEnd": 50500,
              "backendPort": 22
            }
          }
        ]
      }
    },
    {
      "type": "Microsoft.Compute/virtualMachineScaleSets",
      "apiVersion": "[variables('computeApiVersion')]",
      "name": "[parameters('vmssName')]",
      "location": "[parameters('location')]",
      "tags": {
        "vmsstag1": "Myriad"
      },
      "dependsOn": [
        "[concat('Microsoft.Storage/storageAccounts/', parameters('newStorageAccountName'))]",
        "[concat('Microsoft.Network/virtualNetworks/', variables('virtualNetworkName'))]"
      ],
      "sku": {
        "name": "Standard_A2",
        "tier": "Standard",
        "capacity": "[parameters('instanceCount')]"
      },
      "properties": {
        "upgradePolicy": {
          "mode": "Manual"
        },
        "virtualMachineProfile": {
          "storageProfile": {
            "osDisk": {
              "vhdContainers": [
                "[concat('https://', parameters('newStorageAccountName'), '.blob.core.windows.net/vmss1')]"
              ],
              "name": "vmssosdisk",
              "caching": "ReadOnly",
              "createOption": "FromImage"
            },
            "imageReference": {
              "publisher": "[variables('imagePublisher')]",
              "offer": "[variables('imageOffer')]",
              "sku": "[variables('imageVersion')]",
              "version": "14.04.201503090"
            }
          },
          "osProfile": {
            "computerNamePrefix": "[parameters('vmssName')]",
            "adminUsername": "[parameters('adminUsername')]",
            "adminPassword": "[parameters('adminPassword')]"
          },
          "networkProfile": {
            "networkInterfaceConfigurations": [
              {
                "name": "nic1",
                "properties": {
                  "primary": "true",
                  "ipConfigurations": [
                    {
                      "name": "ip1",
                      "properties": {
                        "subnet": {
                          "id": "[concat('/subscriptions/', subscription().subscriptionId,'/resourceGroups/', resourceGroup().name, '/providers/Microsoft.Network/virtualNetworks/', variables('virtualNetworkName'), '/subnets/', variables('subnetName'))]"
                        },
                        "loadBalancerBackendAddressPools": [
                          {
                            "id": "[concat('/subscriptions/', subscription().subscriptionId,'/resourceGroups/', resourceGroup().name, '/providers/Microsoft.Network/loadBalancers/', variables('loadBalancerName'), '/backendAddressPools/bepool1')]"
                          }
                        ],
                        "loadBalancerInboundNatPools": [
                          {
                            "id": "[concat('/subscriptions/', subscription().subscriptionId,'/resourceGroups/', resourceGroup().name, '/providers/Microsoft.Network/loadBalancers/', variables('loadBalancerName'), '/inboundNatPools/natpool1')]"
                          }
                        ]
                      }
                    }
                  ]
                }
              }
            ]
          },
          "extensionProfile": {
            "extensions": [
              {
                "name": "LinuxDiagnostic",
                "properties": {
                  "publisher": "Microsoft.OSTCExtensions",
                  "type": "LinuxDiagnostic",
                  "typeHandlerVersion": "2.1",
                  "autoUpgradeMinorVersion": false,
                  "settings": {
                    "xmlCfg": "[base64(concat(variables('wadcfgxstart'),variables('wadmetricsresourceid'),variables('wadcfgxend')))]",
                    "storageAccount": "[variables('diagnosticsStorageAccountName')]"
                  },
                  "protectedSettings": {
                    "storageAccountName": "[variables('diagnosticsStorageAccountName')]",
                    "storageAccountKey": "[listkeys(variables('accountid'), '2015-05-01-preview').key1]",
                    "storageAccountEndPoint": "https://core.windows.net"
                  }
                }
              }
            ]
          }
        },
        "overprovision": "true"
      }
    },
    {
      "type": "Microsoft.Insights/autoscaleSettings",
      "apiVersion": "[variables('insightsApiVersion')]",
      "name": "autoscalewad",
      "location": "[variables('location')]",
      "dependsOn": [
        "[concat('Microsoft.Compute/virtualMachineScaleSets/', parameters('vmSSName'))]"
      ],
      "properties": {
        "name": "autoscalewad",
        "targetResourceUri": "[concat('/subscriptions/',subscription().subscriptionId, '/resourceGroups/',  resourceGroup().name, '/providers/Microsoft.Compute/virtualMachineScaleSets/', parameters('vmSSName'))]",
        "enabled": true,
        "profiles": [
          {
            "name": "Profile1",
            "capacity": {
              "minimum": "1",
              "maximum": "10",
              "default": "1"
            },
            "rules": [
              {
                "metricTrigger": {
                  "metricName": "\\Processor\\PercentProcessorTime",
                  "metricNamespace": "",
                  "metricResourceUri": "[concat('/subscriptions/',subscription().subscriptionId, '/resourceGroups/',  resourceGroup().name, '/providers/Microsoft.Compute/virtualMachineScaleSets/', parameters('vmSSName'))]",
                  "timeGrain": "PT1M",
                  "statistic": "Average",
                  "timeWindow": "PT5M",
                  "timeAggregation": "Average",
                  "operator": "GreaterThan",
                  "threshold": 50.0
                },
                "scaleAction": {
                  "direction": "Increase",
                  "type": "ChangeCount",
                  "value": "1",
                  "cooldown": "PT1M"
                }
              }
            ]
          }
        ]
      }
    }
  ]
}
