{
  "$schema": "http://schema.management.azure.com/schemas/2015-01-01-preview/deploymentTemplate.json",
  "contentVersion": "1.0.0.0",
  "parameters": {
    "vmSSName": {
      "type": "string",
      "metadata": {
        "description": "The Name of the Scaleset"
      }
    },
    "instanceCount": {
      "type": "string",
      "metadata": {
        "description": "Number of VM instances"
      }
    },
    "newStorageAccountSuffix": {
      "type": "string",
      "metadata": {
        "description": "The Prefix for the names of the new storage accounts created"
      }
    },
    "dnsNamePrefix": {
      "type": "string",
      "metadata": {
        "description": "The Prefix for the DNS names of the new IP address created"
      }
    },
    "adminUsername": {
      "type": "string",
      "metadata": {
        "description": "The User name of the admininstrative user for each vm created"
      }
    },
    "adminPassword": {
      "type": "securestring",
      "metadata": {
        "description": "The Password of the admininstrative user for each vm created"
      }
    },
    "location": {
      "type": "string",
      "metadata": {
        "description": "Deployment location"
      },
      "defaultValue": "[resourceGroup().location]"
    },
    "baseURL": {
      "type": "string",
      "metadata": {
        "description": "The Base URL for the script and website"
      },
      "defaultValue": "https://sdaviesms.blob.core.windows.net/customscripts/"
    },
    "customScriptFile": {
      "type": "string",
      "metadata": {
        "description": "The name of the custom script file in the baseURL location"
      },
      "defaultValue": "install-iis-and-default-web-app.ps1"
    },
    "websiteZipFile": {
      "type": "string",
      "metadata": {
        "description": "The name of the website file in the baseURL location"
      },
      "defaultValue": "website.zip"
    }
  },
  "variables": {
    "iisConfigurationScriptLocation": "[concat(parameters('baseURL'),parameters('customScriptFile'))]",
    "imagePublisher": "MicrosoftWindowsServer",
    "imageOffer": "WindowsServer",
    "imageVersion": "2012-R2-Datacenter",
    "addressPrefix": "10.0.0.0/16",
    "subnetName": "Subnet",
    "subnetPrefix": "10.0.0.0/24",
    "virtualNetworkName": "vmssvnet",
    "storageAccountType": "Standard_LRS",
    "vnetID": "[resourceId('Microsoft.Network/virtualNetworks',variables('virtualNetworkName'))]",
    "subnetRef": "[concat(variables('vnetID'),'/subnets/',variables('subnetName'))]",
    "publicIPAddressName": "publicip1",
    "publicIPAddressID": "[resourceId('Microsoft.Network/publicIPAddresses',variables('publicIPAddressName'))]",
    "nicName": "networkInterface1",
    "nicId": "[resourceId('Microsoft.Network/networkInterfaces',variables('nicName'))]",
    "lbName": "loadBalancer1",
    "lbID": "[resourceId('Microsoft.Network/loadBalancers',variables('lbName'))]",
    "lbFEName": "loadBalancerFrontEnd",
    "lbWebProbeName": "loadBalancerWebProbe",
    "lbBEAddressPool": "loadBalancerBEAddressPool",
    "lbFEIPConfigID": "[concat(variables('lbID'),'/frontendIPConfigurations/',variables('lbFEName'))]",
    "lbBEAddressPoolID": "[concat(variables('lbID'),'/backendAddressPools/',variables('lbBEAddressPool'))]",
    "lbWebProbeID": "[concat(variables('lbID'),'/probes/',variables('lbWebProbeName'))]",
    "storageAccountPrefix": [
      "a",
      "g",
      "m",
      "s",
      "y"
    ],
    "diagnosticsStorageAccountName": "[concat('a', parameters('newStorageAccountSuffix'))]",
    "diagnosticsStorageAccountResourceGroup": "[resourceGroup().name]",
    "accountid": "[concat('/subscriptions/',subscription().subscriptionId,'/resourceGroups/',variables('diagnosticsStorageAccountResourceGroup'),'/providers/','Microsoft.Storage/storageAccounts/', variables('diagnosticsStorageAccountName'))]",
    "wadlogs": "<WadCfg> <DiagnosticMonitorConfiguration overallQuotaInMB=\"4096\" xmlns=\"http://schemas.microsoft.com/ServiceHosting/2010/10/DiagnosticsConfiguration\"> <DiagnosticInfrastructureLogs scheduledTransferLogLevelFilter=\"Error\"/> <WindowsEventLog scheduledTransferPeriod=\"PT1M\" > <DataSource name=\"Application!*[System[(Level = 1 or Level = 2)]]\" /> <DataSource name=\"Security!*[System[(Level = 1 or Level = 2)]]\" /> <DataSource name=\"System!*[System[(Level = 1 or Level = 2)]]\" /></WindowsEventLog>",
    "wadperfcounters1": "<PerformanceCounters scheduledTransferPeriod=\"PT1M\"><PerformanceCounterConfiguration counterSpecifier=\"\\Processor(_Total)\\% Processor Time\" sampleRate=\"PT15S\" unit=\"Percent\"><annotation displayName=\"CPU utilization\" locale=\"en-us\"/></PerformanceCounterConfiguration><PerformanceCounterConfiguration counterSpecifier=\"\\Processor(_Total)\\% Privileged Time\" sampleRate=\"PT15S\" unit=\"Percent\"><annotation displayName=\"CPU privileged time\" locale=\"en-us\"/></PerformanceCounterConfiguration><PerformanceCounterConfiguration counterSpecifier=\"\\Processor(_Total)\\% User Time\" sampleRate=\"PT15S\" unit=\"Percent\"><annotation displayName=\"CPU user time\" locale=\"en-us\"/></PerformanceCounterConfiguration><PerformanceCounterConfiguration counterSpecifier=\"\\Processor Information(_Total)\\Processor Frequency\" sampleRate=\"PT15S\" unit=\"Count\"><annotation displayName=\"CPU frequency\" locale=\"en-us\"/></PerformanceCounterConfiguration><PerformanceCounterConfiguration counterSpecifier=\"\\System\\Processes\" sampleRate=\"PT15S\" unit=\"Count\"><annotation displayName=\"Processes\" locale=\"en-us\"/></PerformanceCounterConfiguration><PerformanceCounterConfiguration counterSpecifier=\"\\Process(_Total)\\Thread Count\" sampleRate=\"PT15S\" unit=\"Count\"><annotation displayName=\"Threads\" locale=\"en-us\"/></PerformanceCounterConfiguration><PerformanceCounterConfiguration counterSpecifier=\"\\Process(_Total)\\Handle Count\" sampleRate=\"PT15S\" unit=\"Count\"><annotation displayName=\"Handles\" locale=\"en-us\"/></PerformanceCounterConfiguration><PerformanceCounterConfiguration counterSpecifier=\"\\Memory\\% Committed Bytes In Use\" sampleRate=\"PT15S\" unit=\"Percent\"><annotation displayName=\"Memory usage\" locale=\"en-us\"/></PerformanceCounterConfiguration><PerformanceCounterConfiguration counterSpecifier=\"\\Memory\\Available Bytes\" sampleRate=\"PT15S\" unit=\"Bytes\"><annotation displayName=\"Memory available\" locale=\"en-us\"/></PerformanceCounterConfiguration><PerformanceCounterConfiguration counterSpecifier=\"\\Memory\\Committed Bytes\" sampleRate=\"PT15S\" unit=\"Bytes\"><annotation displayName=\"Memory committed\" locale=\"en-us\"/></PerformanceCounterConfiguration><PerformanceCounterConfiguration counterSpecifier=\"\\Memory\\Commit Limit\" sampleRate=\"PT15S\" unit=\"Bytes\"><annotation displayName=\"Memory commit limit\" locale=\"en-us\"/></PerformanceCounterConfiguration><PerformanceCounterConfiguration counterSpecifier=\"\\PhysicalDisk(_Total)\\% Disk Time\" sampleRate=\"PT15S\" unit=\"Percent\"><annotation displayName=\"Disk active time\" locale=\"en-us\"/></PerformanceCounterConfiguration>",
    "wadperfcounters2": "<PerformanceCounterConfiguration counterSpecifier=\"\\PhysicalDisk(_Total)\\% Disk Read Time\" sampleRate=\"PT15S\" unit=\"Percent\"><annotation displayName=\"Disk active read time\" locale=\"en-us\"/></PerformanceCounterConfiguration><PerformanceCounterConfiguration counterSpecifier=\"\\PhysicalDisk(_Total)\\% Disk Write Time\" sampleRate=\"PT15S\" unit=\"Percent\"><annotation displayName=\"Disk active write time\" locale=\"en-us\"/></PerformanceCounterConfiguration><PerformanceCounterConfiguration counterSpecifier=\"\\PhysicalDisk(_Total)\\Disk Transfers/sec\" sampleRate=\"PT15S\" unit=\"CountPerSecond\"><annotation displayName=\"Disk operations\" locale=\"en-us\"/></PerformanceCounterConfiguration><PerformanceCounterConfiguration counterSpecifier=\"\\PhysicalDisk(_Total)\\Disk Reads/sec\" sampleRate=\"PT15S\" unit=\"CountPerSecond\"><annotation displayName=\"Disk read operations\" locale=\"en-us\"/></PerformanceCounterConfiguration><PerformanceCounterConfiguration counterSpecifier=\"\\PhysicalDisk(_Total)\\Disk Writes/sec\" sampleRate=\"PT15S\" unit=\"CountPerSecond\"><annotation displayName=\"Disk write operations\" locale=\"en-us\"/></PerformanceCounterConfiguration><PerformanceCounterConfiguration counterSpecifier=\"\\PhysicalDisk(_Total)\\Disk Bytes/sec\" sampleRate=\"PT15S\" unit=\"BytesPerSecond\"><annotation displayName=\"Disk speed\" locale=\"en-us\"/></PerformanceCounterConfiguration><PerformanceCounterConfiguration counterSpecifier=\"\\PhysicalDisk(_Total)\\Disk Read Bytes/sec\" sampleRate=\"PT15S\" unit=\"BytesPerSecond\"><annotation displayName=\"Disk read speed\" locale=\"en-us\"/></PerformanceCounterConfiguration><PerformanceCounterConfiguration counterSpecifier=\"\\PhysicalDisk(_Total)\\Disk Write Bytes/sec\" sampleRate=\"PT15S\" unit=\"BytesPerSecond\"><annotation displayName=\"Disk write speed\" locale=\"en-us\"/></PerformanceCounterConfiguration><PerformanceCounterConfiguration counterSpecifier=\"\\LogicalDisk(_Total)\\% Free Space\" sampleRate=\"PT15S\" unit=\"Percent\"><annotation displayName=\"Disk free space (percentage)\" locale=\"en-us\"/></PerformanceCounterConfiguration></PerformanceCounters>",
    "wadcfgxstart": "[concat(variables('wadlogs'),variables('wadperfcounters1'),variables('wadperfcounters2'),'<Metrics resourceId=\"')]",
    "wadmetricsresourceid": "[concat('/subscriptions/',subscription().subscriptionId,'/resourceGroups/',resourceGroup().name ,'/providers/','Microsoft.Compute/virtualMachineScaleSets/',parameters('vmssName'))]",
    "wadcfgxend": "[concat('\"><MetricAggregation scheduledTransferPeriod=\"PT1H\"/><MetricAggregation scheduledTransferPeriod=\"PT1M\"/></Metrics></DiagnosticMonitorConfiguration></WadCfg>')]",
    "computeApiVersion": "2016-03-30",
    "networkApiVersion": "2016-03-30",
    "storageApiVersion": "2015-06-15",
    "insightsApiVersion": "2015-04-01"
  },
  "resources": [
    {
      "type": "Microsoft.Storage/storageAccounts",
      "name": "[concat(variables('storageAccountPrefix')[copyIndex()],parameters('newStorageAccountSuffix'))]",
      "apiVersion": "[variables('storageApiVersion')]",
      "copy": {
        "name": "storageLoop",
        "count": 5
      },
      "location": "[parameters('location')]",
      "properties": {
        "accountType": "[variables('storageAccountType')]"
      }
    },
    {
      "apiVersion": "[variables('networkApiVersion')]",
      "type": "Microsoft.Network/virtualNetworks",
      "name": "[variables('virtualNetworkName')]",
      "location": "[parameters('location')]",
      "properties": {
        "addressSpace": {
          "addressPrefixes": [
            "[variables('addressPrefix')]"
          ]
        },
        "subnets": [
          {
            "name": "[variables('subnetName')]",
            "properties": {
              "addressPrefix": "[variables('subnetPrefix')]"
            }
          }
        ]
      }
    },
    {
      "apiVersion": "[variables('networkApiVersion')]",
      "type": "Microsoft.Network/publicIPAddresses",
      "name": "[variables('publicIPAddressName')]",
      "location": "[parameters('location')]",
      "properties": {
        "publicIPAllocationMethod": "Dynamic",
        "dnsSettings": {
          "domainNameLabel": "[parameters('dnsNamePrefix')]"
        }
      }
    },
    {
      "apiVersion": "[variables('networkApiVersion')]",
      "name": "[variables('lbName')]",
      "type": "Microsoft.Network/loadBalancers",
      "location": "[parameters('location')]",
      "dependsOn": [
        "[concat('Microsoft.Network/publicIPAddresses/',variables('publicIPAddressName'))]"
      ],
      "properties": {
        "frontendIPConfigurations": [
          {
            "name": "[variables('lbFEName')]",
            "properties": {
              "publicIPAddress": {
                "id": "[variables('publicIPAddressID')]"
              }
            }
          }
        ],
        "backendAddressPools": [
          {
            "name": "[variables('lbBEAddressPool')]"
          }
        ],
        "loadBalancingRules": [
          {
            "name": "weblb",
            "properties": {
              "frontendIPConfiguration": {
                "id": "[variables('lbFEIPConfigID')]"
              },
              "backendAddressPool": {
                "id": "[variables('lbBEAddressPoolID')]"
              },
              "probe": {
                "id": "[variables('lbWebProbeID')]"
              },
              "protocol": "tcp",
              "frontendPort": 80,
              "backendPort": 80,
              "enableFloatingIP": false
            }
          }
        ],
        "probes": [
          {
            "name": "[variables('lbWebProbeName')]",
            "properties": {
              "protocol": "http",
              "port": 80,
              "intervalInSeconds": "15",
              "numberOfProbes": "5",
              "requestPath": "/iisstart.htm"
            }
          }
        ]
      }
    },
    {
      "type": "Microsoft.Compute/virtualMachineScaleSets",
      "apiVersion": "[variables('computeApiVersion')]",
      "name": "[parameters('vmSSName')]",
      "location": "[parameters('location')]",
      "tags": {
        "vmsstag1": "Myriad"
      },
      "dependsOn": [
        "[concat('Microsoft.Storage/storageAccounts/a',parameters('newStorageAccountSuffix'))]",
        "[concat('Microsoft.Storage/storageAccounts/g',parameters('newStorageAccountSuffix'))]",
        "[concat('Microsoft.Storage/storageAccounts/m',parameters('newStorageAccountSuffix'))]",
        "[concat('Microsoft.Storage/storageAccounts/s',parameters('newStorageAccountSuffix'))]",
        "[concat('Microsoft.Storage/storageAccounts/y',parameters('newStorageAccountSuffix'))]",
        "[concat('Microsoft.Network/loadBalancers/',variables('lbName'))]",
        "[concat('Microsoft.Network/virtualNetworks/',variables('virtualNetworkName'))]"
      ],
      "sku": {
        "name": "Standard_A2",
        "tier": "Standard",
        "capacity": "[parameters('instanceCount')]"
      },
      "properties": {
        "upgradePolicy": {
          "mode": "Manual"
        },
        "virtualMachineProfile": {
          "storageProfile": {
            "osDisk": {
              "vhdContainers": [
                "[concat('https://a',parameters('newStorageAccountSuffix'),'.blob.core.windows.net/vmss')]",
                "[concat('https://g',parameters('newStorageAccountSuffix'),'.blob.core.windows.net/vmss')]",
                "[concat('https://m',parameters('newStorageAccountSuffix'),'.blob.core.windows.net/vmss')]",
                "[concat('https://s',parameters('newStorageAccountSuffix'),'.blob.core.windows.net/vmss')]",
                "[concat('https://y',parameters('newStorageAccountSuffix'),'.blob.core.windows.net/vmss')]"
              ],
              "name": "vmssosdisk",
              "caching": "ReadOnly",
              "createOption": "FromImage"
            },
            "imageReference": {
              "publisher": "[variables('imagePublisher')]",
              "offer": "[variables('imageOffer')]",
              "sku": "[variables('imageVersion')]",
              "version": "latest"
            }
          },
          "osProfile": {
            "computerNamePrefix": "[parameters('vmSSName')]",
            "adminUsername": "[parameters('adminUsername')]",
            "adminPassword": "[parameters('adminPassword')]"
          },
          "networkProfile": {
            "networkInterfaceConfigurations": [
              {
                "name": "nic1",
                "properties": {
                  "primary": "true",
                  "ipConfigurations": [
                    {
                      "name": "ip1",
                      "properties": {
                        "subnet": {
                          "id": "[variables('subnetRef')]"
                        },
                        "loadBalancerBackendAddressPools": [
                          {
                            "id": "[ variables('lbBEAddressPoolID')]"
                          }
                        ]
                      }
                    }
                  ]
                }
              }
            ]
          },
          "extensionProfile": {
            "extensions": [
              {
                "name": "iisInstall",
                "properties": {
                  "publisher": "Microsoft.Compute",
                  "type": "CustomScriptExtension",
                  "typeHandlerVersion": "1.4",
                  "autoUpgradeMinorVersion": false,
                  "settings": {
                    "fileUris": [
                      "[variables('iisConfigurationScriptLocation')]"
                    ],
                    "commandToExecute": "[concat('powershell -ExecutionPolicy Unrestricted -File ',parameters('customScriptFile'),' -FileLocation ',parameters('baseUrl'),' -FileName ',parameters('websiteZipFile'))]"
                  }
                }
              },
              {
                "name": "Microsoft.Insights.VMDiagnosticsSettings",
                "properties": {
                  "publisher": "Microsoft.Azure.Diagnostics",
                  "type": "IaaSDiagnostics",
                  "typeHandlerVersion": "1.5",
                  "autoUpgradeMinorVersion": true,
                  "settings": {
                    "xmlCfg": "[base64(concat(variables('wadcfgxstart'),variables('wadmetricsresourceid'),variables('wadcfgxend')))]",
                    "storageAccount": "[variables('diagnosticsStorageAccountName')]"
                  },
                  "protectedSettings": {
                    "storageAccountName": "[variables('diagnosticsStorageAccountName')]",
                    "storageAccountKey": "[listkeys(variables('accountid'), '2015-06-15').key1]",
                    "storageAccountEndPoint": "https://core.windows.net"
                  }
                }
              }
            ]
          }
        },
        "overprovision": "true"
      }
    },
    {
      "type": "Microsoft.Insights/autoscaleSettings",
      "apiVersion": "[variables('insightsApiVersion')]",
      "name": "autoscalewad",
      "location": "[parameters('location')]",
      "dependsOn": [
        "[concat('Microsoft.Compute/virtualMachineScaleSets/', parameters('vmSSName'))]"
      ],
      "properties": {
        "name": "autoscalewad",
        "targetResourceUri": "[concat('/subscriptions/',subscription().subscriptionId, '/resourceGroups/',  resourceGroup().name, '/providers/Microsoft.Compute/virtualMachineScaleSets/', parameters('vmSSName'))]",
        "enabled": true,
        "profiles": [
          {
            "name": "Profile1",
            "capacity": {
              "minimum": "2",
              "maximum": "10",
              "default": "2"
            },
            "rules": [
              {
                "metricTrigger": {
                  "metricName": "\\Processor(_Total)\\% Processor Time",
                  "metricNamespace": "",
                  "metricResourceUri": "[concat('/subscriptions/',subscription().subscriptionId, '/resourceGroups/',  resourceGroup().name, '/providers/Microsoft.Compute/virtualMachineScaleSets/', parameters('vmSSName'))]",
                  "timeGrain": "PT1M",
                  "statistic": "Average",
                  "timeWindow": "PT5M",
                  "timeAggregation": "Average",
                  "operator": "GreaterThan",
                  "threshold": 50.0
                },
                "scaleAction": {
                  "direction": "Increase",
                  "type": "ChangeCount",
                  "value": "1",
                  "cooldown": "PT1M"
                }
              },
              {
                "metricTrigger": {
                  "metricName": "\\Processor(_Total)\\% Processor Time",
                  "metricNamespace": "",
                  "metricResourceUri": "[concat('/subscriptions/',subscription().subscriptionId, '/resourceGroups/',  resourceGroup().name, '/providers/Microsoft.Compute/virtualMachineScaleSets/', parameters('vmSSName'))]",
                  "timeGrain": "PT1M",
                  "statistic": "Average",
                  "timeWindow": "PT5M",
                  "timeAggregation": "Average",
                  "operator": "LessThan",
                  "threshold": 40.0
                },
                "scaleAction": {
                  "direction": "Decrease",
                  "type": "ChangeCount",
                  "value": "1",
                  "cooldown": "PT2M"
                }
              }
            ]
          }
        ]
      }
    }
  ],
  "outputs": {
    "fqdn": {
      "value": "[reference(variables('publicIPAddressID'),providers('Microsoft.Network','publicIPAddresses').apiVersions[0]).dnsSettings.fqdn]",
      "type": "string"
    },
    "ipaddress": {
      "value": "[reference(variables('publicIPAddressID'),providers('Microsoft.Network','publicIPAddresses').apiVersions[0]).ipAddress]",
      "type": "string"
    }
  }
}
